{
  "baseline": {
    "acc": 0.6540265832681783,
    "f1_macro": 0.6193854137406527,
    "precision": {
      "car": 0.0,
      "regular": 0.5021052631578947,
      "running": 0.931321540062435,
      "walk": 0.9577464788732394
    },
    "recall": {
      "car": 0.0,
      "regular": 0.9085714285714286,
      "running": 0.8605769230769231,
      "walk": 0.9156193895870736
    },
    "f1": {
      "car": 0.0,
      "regular": 0.6467796610169492,
      "running": 0.894552723638181,
      "walk": 0.9362092703074805
    },
    "support": {
      "car": 1387,
      "regular": 1575,
      "running": 1040,
      "walk": 1114
    },
    "auc_roc": {
      "car": 0.49424907334957036,
      "regular": 0.8056085851454391,
      "running": 0.9756076847588133,
      "walk": 0.9938616867508795
    }
  },
  "synthetic": {
    "acc": 0.7112978889757623,
    "f1_macro": 0.7215420523585234,
    "precision": {
      "car": 0.5082191780821917,
      "regular": 0.7021505376344086,
      "running": 0.8837803320561941,
      "walk": 0.8874629812438302
    },
    "recall": {
      "car": 0.5349675558759913,
      "regular": 0.8292063492063492,
      "running": 0.6653846153846154,
      "walk": 0.8070017953321365
    },
    "f1": {
      "car": 0.5212504390586582,
      "regular": 0.7604075691411936,
      "running": 0.759188151398793,
      "walk": 0.845322049835449
    },
    "support": {
      "car": 1387,
      "regular": 1575,
      "running": 1040,
      "walk": 1114
    },
    "auc_roc": {
      "car": 0.7817045340955735,
      "regular": 0.9391711605097655,
      "running": 0.9599543764625953,
      "walk": 0.9871951367224825
    }
  },
  "ratio_0p5": {
    "acc": 0.8575058639562158,
    "f1_macro": 0.860051648749062,
    "precision": {
      "car": 0.7415966386554622,
      "regular": 0.977191732002851,
      "running": 0.7595307917888563,
      "walk": 1.0
    },
    "recall": {
      "car": 0.7635183850036049,
      "regular": 0.8704761904761905,
      "running": 0.9961538461538462,
      "walk": 0.8267504488330341
    },
    "f1": {
      "car": 0.7523978685612789,
      "regular": 0.9207521826729348,
      "running": 0.8618968386023295,
      "walk": 0.9051597051597052
    },
    "support": {
      "car": 1387,
      "regular": 1575,
      "running": 1040,
      "walk": 1114
    },
    "auc_roc": {
      "car": 0.9248459481725395,
      "regular": 0.9947644598647141,
      "running": 0.9963968256963841,
      "walk": 0.9943535862230464
    }
  },
  "ratio_1p0": {
    "acc": 0.8717748240813136,
    "f1_macro": 0.8803442048370314,
    "precision": {
      "car": 0.8083916083916084,
      "regular": 0.8023782559456398,
      "running": 1.0,
      "walk": 0.9640130861504908
    },
    "recall": {
      "car": 0.8334534967555876,
      "regular": 0.8996825396825396,
      "running": 0.9644230769230769,
      "walk": 0.7935368043087971
    },
    "f1": {
      "car": 0.8207312744053958,
      "regular": 0.8482490272373541,
      "running": 0.9818893783651493,
      "walk": 0.8705071393402265
    },
    "support": {
      "car": 1387,
      "regular": 1575,
      "running": 1040,
      "walk": 1114
    },
    "auc_roc": {
      "car": 0.9650913174338661,
      "regular": 0.9784928479534523,
      "running": 0.99731519400619,
      "walk": 0.9893939924113347
    }
  }
}